Month,area,regional,networksite,Availability (Ave)
Jan-25,AREA1,REGIONAL1,NOP ACEH,98.52881969587254
Jan-25,AREA1,REGIONAL1,NOP BINJAI,99.43379958246346
Jan-25,AREA1,REGIONAL1,NOP MEDAN,99.6506819763396
Jan-25,AREA1,REGIONAL1,NOP PADANG SIDEMPUAN,98.4536712328767
Jan-25,AREA1,REGIONAL1,NOP PEMATANG SIANTAR,98.84785420944559
Jan-25,AREA1,REGIONAL1,NOP RANTAU PRAPAT,98.33497267759563
Jan-25,AREA1,REGIONAL10,NOP BATAM,97.27067107750472
Jan-25,AREA1,REGIONAL10,NOP BUKITTINGGI,99.20588774341353
Jan-25,AREA1,REGIONAL10,NOP DUMAI,98.1217950819672
Jan-25,AREA1,REGIONAL10,NOP PADANG,99.00065693430658
Jan-25,AREA1,REGIONAL10,NOP PEKANBARU,98.42971393034827
Jan-25,AREA1,REGIONAL2,NOP BENGKULU,98.37961849710982
Jan-25,AREA1,REGIONAL2,NOP JAMBI,98.22847222222222
Jan-25,AREA1,REGIONAL2,NOP LAMPUNG,99.4607731958763
Jan-25,AREA1,REGIONAL2,NOP MUARA ENIM,97.79924050632911
Jan-25,AREA1,REGIONAL2,NOP PALEMBANG,98.51824651504035
Jan-25,AREA1,REGIONAL2,NOP PANGKAL PINANG,99.51573853989812
Jan-25,AREA3,REGIONAL5,NOP MAGELANG,99.63687654320987
Jan-25,AREA3,REGIONAL5,NOP PEKALONGAN,99.5957991513437
Jan-25,AREA3,REGIONAL5,NOP PURWOKERTO,99.49427740058196
Jan-25,AREA3,REGIONAL5,NOP SEMARANG,99.68087029288702
Jan-25,AREA3,REGIONAL5,NOP SURAKARTA,99.69677902621723
Jan-25,AREA3,REGIONAL5,NOP YOGYAKARTA,99.68964056482669
Jan-25,AREA3,REGIONAL6,NOP JEMBER,99.621298828125
Jan-25,AREA3,REGIONAL6,NOP KEDIRI,99.85709677419355
Jan-25,AREA3,REGIONAL6,NOP LAMONGAN,99.7933
Jan-25,AREA3,REGIONAL6,NOP MADIUN,99.78807780320366
Jan-25,AREA3,REGIONAL6,NOP MALANG,99.78339111592632
Jan-25,AREA3,REGIONAL6,NOP SIDOARJO,99.6888502994012
Jan-25,AREA3,REGIONAL6,NOP SURABAYA,99.59712260216847
Jan-25,AREA3,REGIONAL7,NOP DENPASAR,99.67972530683811
Jan-25,AREA3,REGIONAL7,NOP FLORES,96.41718562874252
Jan-25,AREA3,REGIONAL7,NOP KUPANG,96.45045558086561
Jan-25,AREA3,REGIONAL7,NOP MATARAM,99.2813986599665
Feb-25,AREA1,REGIONAL1,NOP ACEH,98.62388286334055
Feb-25,AREA1,REGIONAL1,NOP BINJAI,99.26795620437956
Feb-25,AREA1,REGIONAL1,NOP MEDAN,99.4273903966597
Feb-25,AREA1,REGIONAL1,NOP PADANG SIDEMPUAN,98.16648907103824
Feb-25,AREA1,REGIONAL1,NOP PEMATANG SIANTAR,98.59165813715455
Feb-25,AREA1,REGIONAL1,NOP RANTAU PRAPAT,98.06312227074237
Feb-25,AREA1,REGIONAL10,NOP BATAM,97.75492322456815
Feb-25,AREA1,REGIONAL10,NOP BUKITTINGGI,99.24768
Feb-25,AREA1,REGIONAL10,NOP DUMAI,98.20681372549019
Feb-25,AREA1,REGIONAL10,NOP PADANG,99.01122002085505
Feb-25,AREA1,REGIONAL10,NOP PEKANBARU,98.30448954489545
Feb-25,AREA1,REGIONAL2,NOP BENGKULU,97.87293778801845
Feb-25,AREA1,REGIONAL2,NOP JAMBI,97.94945350734095
Feb-25,AREA1,REGIONAL2,NOP LAMPUNG,99.45450228832952
Feb-25,AREA1,REGIONAL2,NOP MUARA ENIM,97.6409633027523
Feb-25,AREA1,REGIONAL2,NOP PALEMBANG,98.14626099706744
Feb-25,AREA1,REGIONAL2,NOP PANGKAL PINANG,99.4941385135135
Feb-25,AREA3,REGIONAL5,NOP MAGELANG,99.65583439490446
Feb-25,AREA3,REGIONAL5,NOP PEKALONGAN,99.68032531824612
Feb-25,AREA3,REGIONAL5,NOP PURWOKERTO,99.59918367346938
Feb-25,AREA3,REGIONAL5,NOP SEMARANG,99.64238930659984
Feb-25,AREA3,REGIONAL5,NOP SURAKARTA,99.6386855862584
Feb-25,AREA3,REGIONAL5,NOP YOGYAKARTA,99.59132220795892
Feb-25,AREA3,REGIONAL6,NOP JEMBER,99.2722514619883
Feb-25,AREA3,REGIONAL6,NOP KEDIRI,99.82765196662693
Feb-25,AREA3,REGIONAL6,NOP LAMONGAN,99.7652684144819
Feb-25,AREA3,REGIONAL6,NOP MADIUN,99.7503890160183
Feb-25,AREA3,REGIONAL6,NOP MALANG,99.75517837837837
Feb-25,AREA3,REGIONAL6,NOP SIDOARJO,99.54704545454545
Feb-25,AREA3,REGIONAL6,NOP SURABAYA,99.60228287841191
Feb-25,AREA3,REGIONAL7,NOP DENPASAR,99.75962660443408
Feb-25,AREA3,REGIONAL7,NOP FLORES,94.40286995515694
Feb-25,AREA3,REGIONAL7,NOP KUPANG,96.79263097949885
Feb-25,AREA3,REGIONAL7,NOP MATARAM,98.85668060200669
Mar-25,AREA1,REGIONAL1,NOP ACEH,98.88799855491328
Mar-25,AREA1,REGIONAL1,NOP BINJAI,99.47272158498436
Mar-25,AREA1,REGIONAL1,NOP MEDAN,99.58483646485735
Mar-25,AREA1,REGIONAL1,NOP PADANG SIDEMPUAN,98.17649386084584
Mar-25,AREA1,REGIONAL1,NOP PEMATANG SIANTAR,99.1690899795501
Mar-25,AREA1,REGIONAL1,NOP RANTAU PRAPAT,98.3371615720524
Mar-25,AREA1,REGIONAL10,NOP BATAM,97.93277777777779
Mar-25,AREA1,REGIONAL10,NOP BUKITTINGGI,99.23171428571429
Mar-25,AREA1,REGIONAL10,NOP DUMAI,98.52506525285482
Mar-25,AREA1,REGIONAL10,NOP PADANG,98.93639958376691
Mar-25,AREA1,REGIONAL10,NOP PEKANBARU,98.15934849416104
Mar-25,AREA1,REGIONAL2,NOP BENGKULU,97.84935483870969
Mar-25,AREA1,REGIONAL2,NOP JAMBI,98.01913539967374
Mar-25,AREA1,REGIONAL2,NOP LAMPUNG,99.54759153318078
Mar-25,AREA1,REGIONAL2,NOP MUARA ENIM,97.84852064220183
Mar-25,AREA1,REGIONAL2,NOP PALEMBANG,98.48326979472141
Mar-25,AREA1,REGIONAL2,NOP PANGKAL PINANG,99.57805743243243
Mar-25,AREA3,REGIONAL5,NOP MAGELANG,99.6867898089172
Mar-25,AREA3,REGIONAL5,NOP PEKALONGAN,99.64432814710041
Mar-25,AREA3,REGIONAL5,NOP PURWOKERTO,99.704
Mar-25,AREA3,REGIONAL5,NOP SEMARANG,99.70299916457812
Mar-25,AREA3,REGIONAL5,NOP SURAKARTA,99.69904477611941
Mar-25,AREA3,REGIONAL5,NOP YOGYAKARTA,99.5722079589217
Mar-25,AREA3,REGIONAL6,NOP JEMBER,99.47263618677043
Mar-25,AREA3,REGIONAL6,NOP KEDIRI,99.87240762812873
Mar-25,AREA3,REGIONAL6,NOP LAMONGAN,99.82420921544208
Mar-25,AREA3,REGIONAL6,NOP MADIUN,99.78402050113894
Mar-25,AREA3,REGIONAL6,NOP MALANG,99.8495900755124
Mar-25,AREA3,REGIONAL6,NOP SIDOARJO,99.65400476758046
Mar-25,AREA3,REGIONAL6,NOP SURABAYA,99.69291735537189
Mar-25,AREA3,REGIONAL7,NOP DENPASAR,99.77268065268066
Mar-25,AREA3,REGIONAL7,NOP FLORES,96.85938805970149
Mar-25,AREA3,REGIONAL7,NOP KUPANG,98.30286689419795
Mar-25,AREA3,REGIONAL7,NOP MATARAM,99.42413879598662
Apr-25,AREA1,REGIONAL1,NOP ACEH,98.90640776699028
Apr-25,AREA1,REGIONAL1,NOP BINJAI,99.39918580375783
Apr-25,AREA1,REGIONAL1,NOP MEDAN,99.43220752089137
Apr-25,AREA1,REGIONAL1,NOP PADANG SIDEMPUAN,98.78725409836066
Apr-25,AREA1,REGIONAL1,NOP PEMATANG SIANTAR,98.8189990281827
Apr-25,AREA1,REGIONAL1,NOP RANTAU PRAPAT,98.3000548245614
Apr-25,AREA1,REGIONAL10,NOP BATAM,97.93422413793104
Apr-25,AREA1,REGIONAL10,NOP BUKITTINGGI,99.20783599088838
Apr-25,AREA1,REGIONAL10,NOP DUMAI,98.07874125874126
Apr-25,AREA1,REGIONAL10,NOP PADANG,99.03379274611399
Apr-25,AREA1,REGIONAL10,NOP PEKANBARU,98.3307767669699
Apr-25,AREA1,REGIONAL2,NOP BENGKULU,98.45031034482759
Apr-25,AREA1,REGIONAL2,NOP JAMBI,98.05894779771616
Apr-25,AREA1,REGIONAL2,NOP LAMPUNG,99.54790737564323
Apr-25,AREA1,REGIONAL2,NOP MUARA ENIM,97.7054004576659
Apr-25,AREA1,REGIONAL2,NOP PALEMBANG,98.22135730007336
Apr-25,AREA1,REGIONAL2,NOP PANGKAL PINANG,99.4273569023569
Apr-25,AREA3,REGIONAL5,NOP MAGELANG,99.7182028241335
Apr-25,AREA3,REGIONAL5,NOP PEKALONGAN,99.75449929478138
Apr-25,AREA3,REGIONAL5,NOP PURWOKERTO,99.76935361216731
Apr-25,AREA3,REGIONAL5,NOP SEMARANG,99.7586204013378
Apr-25,AREA3,REGIONAL5,NOP SURAKARTA,99.75643387815751
Apr-25,AREA3,REGIONAL5,NOP YOGYAKARTA,99.6806675224647
Apr-25,AREA3,REGIONAL6,NOP JEMBER,99.6740291262136
Apr-25,AREA3,REGIONAL6,NOP KEDIRI,99.86429761904762
Apr-25,AREA3,REGIONAL6,NOP LAMONGAN,99.83597758405976
Apr-25,AREA3,REGIONAL6,NOP MADIUN,99.86928571428572
Apr-25,AREA3,REGIONAL6,NOP MALANG,99.87380798274003
Apr-25,AREA3,REGIONAL6,NOP SIDOARJO,99.83586618876942
Apr-25,AREA3,REGIONAL6,NOP SURABAYA,99.6548102310231
Apr-25,AREA3,REGIONAL7,NOP DENPASAR,99.81276346604216
Apr-25,AREA3,REGIONAL7,NOP FLORES,97.71294378698225
Apr-25,AREA3,REGIONAL7,NOP KUPANG,98.77590443686007
Apr-25,AREA3,REGIONAL7,NOP MATARAM,99.57583472454091
May-25,AREA1,REGIONAL1,NOP ACEH,98.826377245509
May-25,AREA1,REGIONAL1,NOP BINJAI,99.27259916492693
May-25,AREA1,REGIONAL1,NOP MEDAN,99.36520920502092
May-25,AREA1,REGIONAL1,NOP PADANG SIDEMPUAN,98.81495212038303
May-25,AREA1,REGIONAL1,NOP PEMATANG SIANTAR,98.54902818270165
May-25,AREA1,REGIONAL1,NOP RANTAU PRAPAT,98.1848847420417
May-25,AREA1,REGIONAL10,NOP BATAM,97.35629310344828
May-25,AREA1,REGIONAL10,NOP BUKITTINGGI,99.25556313993174
May-25,AREA1,REGIONAL10,NOP DUMAI,98.0403289013296
May-25,AREA1,REGIONAL10,NOP PADANG,98.9861673553719
May-25,AREA1,REGIONAL10,NOP PEKANBARU,98.19162237762237
May-25,AREA1,REGIONAL2,NOP BENGKULU,98.57994259471872
May-25,AREA1,REGIONAL2,NOP JAMBI,97.62398042414355
May-25,AREA1,REGIONAL2,NOP LAMPUNG,99.52440251572327
May-25,AREA1,REGIONAL2,NOP MUARA ENIM,97.95458285714285
May-25,AREA1,REGIONAL2,NOP PALEMBANG,98.37178414096915
May-25,AREA1,REGIONAL2,NOP PANGKAL PINANG,99.46242424242425
May-25,AREA3,REGIONAL5,NOP MAGELANG,99.75255784061697
May-25,AREA3,REGIONAL5,NOP PEKALONGAN,99.74059238363893
May-25,AREA3,REGIONAL5,NOP PURWOKERTO,99.70388607594937
May-25,AREA3,REGIONAL5,NOP SEMARANG,99.72171404682274
May-25,AREA3,REGIONAL5,NOP SURAKARTA,99.66849925705795
May-25,AREA3,REGIONAL5,NOP YOGYAKARTA,99.66749357326478
May-25,AREA3,REGIONAL6,NOP JEMBER,99.6978640776699
May-25,AREA3,REGIONAL6,NOP KEDIRI,99.84353151010701
May-25,AREA3,REGIONAL6,NOP LAMONGAN,99.8067331670823
May-25,AREA3,REGIONAL6,NOP MADIUN,99.760181200453
May-25,AREA3,REGIONAL6,NOP MALANG,99.83734627831716
May-25,AREA3,REGIONAL6,NOP SIDOARJO,99.76942720763724
May-25,AREA3,REGIONAL6,NOP SURABAYA,99.6157508250825
May-25,AREA3,REGIONAL7,NOP DENPASAR,99.26652453271028
May-25,AREA3,REGIONAL7,NOP FLORES,97.48610619469027
May-25,AREA3,REGIONAL7,NOP KUPANG,98.48214528944382
May-25,AREA3,REGIONAL7,NOP MATARAM,99.59442773600668
Jun-25,AREA1,REGIONAL1,NOP ACEH,98.82165818181818
Jun-25,AREA1,REGIONAL1,NOP BINJAI,99.19330198537095
Jun-25,AREA1,REGIONAL1,NOP MEDAN,99.36003474635163
Jun-25,AREA1,REGIONAL1,NOP PADANG SIDEMPUAN,98.65305177111716
Jun-25,AREA1,REGIONAL1,NOP PEMATANG SIANTAR,98.91525406504066
Jun-25,AREA1,REGIONAL1,NOP RANTAU PRAPAT,98.64371864776444
Jun-25,AREA1,REGIONAL10,NOP BATAM,98.08923371647509
Jun-25,AREA1,REGIONAL10,NOP BUKITTINGGI,99.25581818181817
Jun-25,AREA1,REGIONAL10,NOP DUMAI,98.79348739495799
Jun-25,AREA1,REGIONAL10,NOP PADANG,99.12267285861712
Jun-25,AREA1,REGIONAL10,NOP PEKANBARU,98.7724055944056
Jun-25,AREA1,REGIONAL2,NOP BENGKULU,99.03768082663606
Jun-25,AREA1,REGIONAL2,NOP JAMBI,98.82850734094616
Jun-25,AREA1,REGIONAL2,NOP LAMPUNG,99.66212571428572
Jun-25,AREA1,REGIONAL2,NOP MUARA ENIM,98.54587030716725
Jun-25,AREA1,REGIONAL2,NOP PALEMBANG,98.90345307917889
Jun-25,AREA1,REGIONAL2,NOP PANGKAL PINANG,99.64181818181818
Jun-25,AREA3,REGIONAL5,NOP MAGELANG,99.85699228791775
Jun-25,AREA3,REGIONAL5,NOP PEKALONGAN,99.73504895104895
Jun-25,AREA3,REGIONAL5,NOP PURWOKERTO,99.7480783817952
Jun-25,AREA3,REGIONAL5,NOP SEMARANG,99.76209866220736
Jun-25,AREA3,REGIONAL5,NOP SURAKARTA,99.82196136701336
Jun-25,AREA3,REGIONAL5,NOP YOGYAKARTA,99.8438560411311
Jun-25,AREA3,REGIONAL6,NOP JEMBER,99.83187802516942
Jun-25,AREA3,REGIONAL6,NOP KEDIRI,99.91998812351544
Jun-25,AREA3,REGIONAL6,NOP LAMONGAN,99.84203726708074
Jun-25,AREA3,REGIONAL6,NOP MADIUN,99.85682844243792
Jun-25,AREA3,REGIONAL6,NOP MALANG,99.89710441334769
Jun-25,AREA3,REGIONAL6,NOP SIDOARJO,99.8823241954708
Jun-25,AREA3,REGIONAL6,NOP SURABAYA,99.7186902800659
Jun-25,AREA3,REGIONAL7,NOP DENPASAR,99.84244897959184
Jun-25,AREA3,REGIONAL7,NOP FLORES,97.85086510263929
Jun-25,AREA3,REGIONAL7,NOP KUPANG,98.77397959183673
Jun-25,AREA3,REGIONAL7,NOP MATARAM,99.6500918196995
